,Date Added,category,sellerlink,sellerlink-url,sellerstorefront-url,sellerproductcount,sellerdetails,seller business name,businessaddress,Count of seller brands,Max % of negative seller ratings - last 30 days,Max % of negative seller ratings - last 90 days,Max % of negative seller ratings - last 12 months,Hero Product 1 #ratings,Hero Product 2 #ratings,Sample brand name,Sample Brand URL,Positive Percentage,Ratings,emails,phoneno,links,Positive % last 12 months,Number of ratings
0,2020-11-15,Garden,Seller 882,Seller 882-link,Seller 882-storefrontlink,1-16 of 786 results,"vitabody ist ein Onlinehandel für gesunde und nachhaltige Produkte - viele unserer Produkte sind u.a. BIO zertifiziert.
 


 v03 trading GmbH ist von ABCERT AG (DE-ÖKO-006) zum Verkauf von Bio-Lebensmitteln zertifiziert. Unser Zertifikat ist erhältlich bei dieser Kontrollstelle unter der Zertifikatsreferenznummer 1909DGPE3CAO0.
  
 

 
---------------------------------------------------------------------------------
 

 vitabody ist ein Angebot von:

Gesetzliche Anbieterkennung:

v03 Trading GmbH
diese vertreten durch...",Business Name:v03 trading GmbH,Hanns-Martin-Schleyer Str. 30aWillichNRW47877DE,15,1,1,2,427,343,wesentlich.,https://www.amazon.de/-/en/s/ref=bl_dp_s_web_0?ie=UTF8&search-type=ss&index=garden-de&field-keywords=wesentlich.,98,2333,[],[],"['u.a.', 'durch...']",98,2333
1,2020-11-15,Garden,Seller 31,Seller 31-link,Seller 31-storefrontlink,"1-16 of over 1,000 results","Impressum
 
 Gesetzliche Anbieterkennung:
 
 Daniel Vogeley und Christopher Joachim Gemander GbR
 vertreten durch die Gesellschafter: Daniel Vogeley, Christopher Joachim Gemander
 Auf der Insel 20
 50259 Pulheim
 Deutschland
 Telefon: 022342509631
 
 E-Mail: info@deinegartenwelt.de
 USt-IdNr.: DE316235833
 
 
 Wir sind seit 04.04.2018 Mitglied der Initiative ""FairCommerce"".
 Nähere Informationen hierzu finden Sie unter .fair-commerce.de.
   
Die Europäische Kommission bietet eine Onlineplattform für Streitbeilegu...",Business Name:Daniel Vogeley und Christopher Gemander GbR,Auf der Insel 20Pulheim50259DE,6,0,1,1,764,599,Visit the Deine Gartenwelt Store,https://www.amazon.de/-/en/stores/DeineGartenwelt/page/29C6D599-802D-4BC7-9B9D-1B2120839034?ref_=ast_bln,99,1739,['info@deinegartenwelt.de'],"['0223425096', '3162358']","['deinegartenwelt.de', '04.04.2018', '.fair-commerce.de.', 'Streitbeilegu...']",99,1739
2,2020-11-15,Garden,Seller 244,Seller 244-link,Seller 244-storefrontlink,1-16 of 625 results,"Geschäftsbedingungen 1. Geltungsbereich
 1.1 Unsere Angebote, Leistungen und Lieferungen erfolgen ausschließlich aufgrund dieser Geschäftsbedingungen. Spätestens mit dem Zustandekommen eines Vertrages oder mit der Entgegennahme der Ware oder Dienstleistung gelten diese Bedingungen als angenommen. Gegenbestätigungen unter Hinweis auf eigene Geschäftsbedingungen wird hiermit ausdrücklich widersprochen.
 1.2 Schriftliche Individualvereinbarungen gehen diesen Geschäftsbedingungen vor. 2. Angebot 2.1 U...",Business Name:Licht-Studio Völker e.K.,Zinnaer Vorstadt 43JüterbogBrandenburg14913DE,16,0,0,0,955,473,Visit the Steinel Store,https://www.amazon.de/-/en/stores/Steinel+Vertriebs+GmbH+%28FO%29/page/5C1CDC78-499B-4AEA-9647-AF678ED3820A?ref_=ast_bln,94,1699,[],[],"['1.1', '1.2', '2.1', 'U...']",94,1699
3,2020-11-15,Garden,Seller 494,Seller 494-link,Seller 494-storefrontlink,"1-16 of over 3,000 results","Impressum
  
 Gesetzliche Anbieterkennung:
  
 OTTO RÖHRS GmbH
 diese vertreten durch den Geschäftsführer Thomas Miesner
 Industriestraße 11
 27383 Scheeßel
 Deutschland
 Telefon: 04263 9380-500
 Telefax: 04263 9380-119
 E-Mail: support@roehrs-baumarkt.de
 USt-IdNr.: DE811241167
 eingetragen im Handelsregister des Amtsgerichtes Walsrode
 Handelsregisternummer HRB 70665
  
  
 Alternative Streitbeilegung:
Die Europäische Kommission stellt eine Plattform für die außergerichtliche Online-Streitbeilegung (OS-Plattfo...",Business Name:Otto Röhrs GmbH,Otto Röhrs Gmbh Industriestraße 11Scheeßel27383DE,16,1,2,2,4786,4316,Neudorff,https://www.amazon.de/-/en/s/ref=bl_dp_s_web_0?ie=UTF8&search-type=ss&index=garden-de&field-keywords=Neudorff,97,1584,['support@roehrs-baumarkt.de'],"['263 9380', '263 9380', '8112411']","['roehrs-baumarkt.de', 'OS-Plattfo...']",97,1584
4,2020-11-15,Garden,Seller 26,Seller 26-link,Seller 26-storefrontlink,"1-16 of over 2,000 results","Gesetzliche Anbieterkennung: boni-shop.com OHG
 Wissmannstraße 58
 27755 Delmenhorst
 Deutschland
 Vertretungsberechtigte Gesellschafter: Klaas Niermann, Jens Böckenhauer, Christian Böttcher
 Telefon: 04221 45 777 00
 Telefax: 04221 45 777 10
 E-Mail: amazon@boni-shop.com
 USt-IdNr.: DE 283905130
 eingetragen im Handelsregister des Amtsgerichtes Oldenburg
 Handelsregisternummer HRA 206702 
Die Europäische Kommission bietet eine Onlineplattform für Streitbeilegung an, die Sie hier finden: https://ec.europa....",Business Name:boni-shop.com OHG,Wissmannstrasse58Delmenhorst27755DE,15,1,1,1,2128,1759,Nexa Lotte,https://www.amazon.de/-/en/Nexa-Lotte/b/ref=bl_dp_s_web_18437295031?ie=UTF8&node=18437295031&field-lbr_brands_browse-bin=Nexa+Lotte,98,1488,['amazon@boni-shop.com'],['2839051'],"['boni-shop.com', 'boni-shop.com', 'https://ec.europa....']",98,1488
5,2020-11-15,Garden,Seller 66,Seller 66-link,Seller 66-storefrontlink,1-16 of 579 results,"The business address is:  K A Parts Limited, Elles House, 4b Invincible Road, Farnborough, Hants, GU14 7QU, United Kingdom The price stated is valid for 14 days from the date of purchase.  Goods will be despatched from stock within working 5 working days of receipt of payment.   If goods are not in stock this will have been communicated in the item description or we will notify you within 5 working days.  Substitute goods will not be supplied if an item is out of stock.   You have the right to c...",Business Name:K A Parts Limited,7 Crawley Wood CloseCamberleySurreyGU15 2BXGB,15,0,0,0,8176,5499,(blank),(blank),99,1138,[],[],['c...'],99,1138
6,2020-11-15,Garden,Seller 63,Seller 63-link,Seller 63-storefrontlink,1-16 of 779 results,"Gesetzliche Anbieterkennung:
 
 Samir Zamel
 Bockholtstr 151
 41460 Neuss
 Deutschland
 Telefon: 02131 4055551
 Telefax: (02131) 7727195
 E-Mail: amazon@kanana-online.de
 USt-IdNr.: DE 257455410
 
 
 Alternative Streitbeilegung:
 Die Europäische Kommission stellt eine Plattform für die außergerichtliche Online-Streitbeilegung (OS-Plattform) bereit, aufrufbar unter ec.europa.eu/odr.
 
 Wir sind seit 03.12.2015 Mitglied der Initiative ""FairCommerce"".
Nähere Informationen hierzu finden Sie unter www.fair-commerce...",Business Name:Samir Zamel,Bockholtstr151Neuss41460DE,4,0,2,2,1888,1262,Soytich,https://www.amazon.de/-/en/Soytich/b/ref=bl_dp_s_web_18854816031?ie=UTF8&node=18854816031&field-lbr_brands_browse-bin=Soytich,98,1023,['amazon@kanana-online.de'],"['131 4055551', '7727195', '2574554']","['kanana-online.de', 'ec.europa.eu/odr.', '03.12.2015', 'www.fair-commerce...']",98,1023
7,2020-11-15,Garden,Seller 57,Seller 57-link,Seller 57-storefrontlink,"1-16 of over 4,000 results","Impressum
 Schindler + Hofmann GmbH & Co KG
 Georg-Mehrtens-Str. 5
 01237 Dresden
 
 Sitz der Gesellschaft: Dresden
 Registergericht: Dresden HRA 7888
 
 Persönlich haftende Gesellschafterin:
 Schindler+Hofmann Verwaltungs-GmbH
 Sitz der Gesellschaft: Dresden
 Registergericht: Dresden HRB 29398
 Geschäftsführer: Sven Schindler, Jens Hofmann
 
 Tel: +49-(0)351-259300-11
 Fax: +49-(0)351-259300-33
 Email: info@kamdi24.de
 
 UST-ID: DE274121967
 
 Deutsche Bank Chemnitz
 DE02 8707 0000 0647 9596 00
 
Online-Schlichtungs...",Business Name:Schindler+Hofmann GmbH & Co. KG,Georg-Mehrtens-Str. 5DresdenSachsen01237DE,15,1,3,2,1424,1231,Visit the Petromax Store,https://www.amazon.de/-/en/stores/Petromax/page/596BEC72-CCEB-44EC-9C41-DAD254B2A788?ref_=ast_bln,98,962,['info@kamdi24.de'],"['351-2593', '351-2593', '2741219', '707 0000', '647 9596']","['kamdi24.de', 'Online-Schlichtungs...']",98,962
8,2020-11-15,Garden,Seller 1724,Seller 1724-link,Seller 1724-storefrontlink,"1-16 of over 2,000 results","Hubert SchmalzbauerGundelsheimer Str. 1491741 TheilenhofenDeutschlandTelefon: 09834/975133Telefax: 09834/974787E-Mail: zierfischtreff@aol.comUmsatzsteuer-Identifikationsnummer: DE181069578Wir weisen allerdings darauf hin, dass wir zur Teilnahme am Streitbeilegungsverfahren weder bereit noch dazu verpflichtet sind. 
Die Europäische Kommission bietet eine Onlineplattform für Streitbeilegung an, die Sie hier finden: https://ec.europa.eu/consumers/odr/

Unter diesem Link finden Sie die Kontaktdaten der...",Business Name:Hubert Schmalzbauer,Gundelsheimer Str 1414Theilenhofen91741DE,16,0,0,1,6845,5137,Visit the Tetra Store,https://www.amazon.de/-/en/stores/Tetra/page/DCE34886-C391-4ADB-953C-11124A982133?ref_=ast_bln,97,910,['zierfischtreff@aol.comUmsatzsteuer-Identifikationsnummer'],"['1491741', '1810695']","['aol.comUmsatzsteuer-Identifikationsnummer', 'https://ec.europa.eu/consumers/odr/', 'der...']",97,910
9,2020-11-15,Garden,Seller 863,Seller 863-link,Seller 863-storefrontlink,"1-16 of over 6,000 results","Vinfiz GmbH
Berliner Straße 59
33330 Gütersloh

Tel.: 05241/9977601
Fax: 05241/9979681
E-Mail.: info@vinfiz.de

UID: DE 815617262
Steuerummer: 351/5721/2040

Amtsgericht Gütersloh: HRB 10359
Sitz der Gesellschaft: Gütersloh

Geschäftsführer: Jan Baretti

Die Firma Vinfiz GmbH ist als Inhaltsanbieter nach § 6 Abs.1 Mediendienste-Staatsvertrag für die ""eigenen Inhalte"", die sie zur Nutzung bereithält, nach den allgemeinen Gesetzen verantwortlich. Von diesen eigenen Inhalten sind Querverweise (""Links"") auf die von...",Business Name:Vinfiz GmbH,Berliner Str.59GüterslohNordrhein-Westfalen33330DE,15,0,0,0,2436,716,STRICKER,https://www.amazon.de/-/en/STRICKER/b/ref=bl_dp_s_web_15230056031?ie=UTF8&node=15230056031&field-lbr_brands_browse-bin=STRICKER,100,669,['info@vinfiz.de'],"['9977601', '9979681', '8156172']","['vinfiz.de', 'Abs.1', 'von...']",100,669
10,2020-11-15,Garden,Seller 158,Seller 158-link,Seller 158-storefrontlink,"1-16 of over 2,000 results","Wir vertreiben vertreiben hochwertige Kochmesser
von japanischen, deutschen und französischen Herstellern. Kochmesser-Shop ist autorisierter Fachhändler der Marken MaestroWU, Global, Wüsthof, Haiku,
Type 301, Chroma, Kasumi, Global, Güde und Eva Solo.

Kontakt & Impressum
kochmesser-shop.com
Eckard Horn
Angerstraße 16
30851 Langenhagen

Tel.: 0511 - 97 81 96 50
Fax: 0511 - 97 81 96 51
kontakt@kochmesser-shop.com

Steuernr.: 27/118/01912

UST-IdNr.: DE253104450","Business Name:Horn, Eckard",Angerstr. 16Langenhagen30851DE,15,0,0,0,2036,1525,Kay Bojesen,https://www.amazon.de/-/en/s/ref=bl_dp_s_web_0?ie=UTF8&search-type=ss&index=pets&field-keywords=Kay+Bojesen+,100,576,['kontakt@kochmesser-shop.com'],['2531044'],"['kochmesser-shop.com', 'kochmesser-shop.com']",100,576
11,2020-11-15,Garden,Seller 418,Seller 418-link,Seller 418-storefrontlink,"1-16 of over 2,000 results","Lubalo UG (haftungsbeschränkt)

Bahnhofstr. 21

96247 Michelau

Deutschland



Geschäftsführer: Wolfgang Kolb



Tel.: 09571 4970549

E-Mail: info@lubalo-ug.de



UST-ID: DE298501389



 
Die Europäische Kommission bietet eine Onlineplattform für Streitbeilegung an, die Sie hier finden: https://ec.europa.eu/consumers/odr/Unter diesem Link finden Sie die Kontaktdaten der offiziellen Streitbeilegungsstellen: https://webgate.ec.europa.eu/odr/main/index.cfm?event=main.adr.show",Business Name:Lubalo UG (haftungsbeschränkt),Bahnhofstr.21Michelau96247DE,14,0,1,1,6588,6319,Visit the Philips Store,https://www.amazon.de/-/en/stores/Philips/page/27B5741D-A3D9-49A1-9BC9-579080C75468?ref_=ast_bln,98,524,['info@lubalo-ug.de'],"['571 4970549', '2985013']","['lubalo-ug.de', 'https://ec.europa.eu/consumers/odr/Unter', 'https://webgate.ec.europa.eu/odr/main/index.cfm?event=main.adr.show']",98,524
12,2020-11-15,Garden,Seller 41,Seller 41-link,Seller 41-storefrontlink,1-16 of 302 results,"Impressum

Gesetzliche Anbieterkennung:

Elektrotechik Falk GbR
vertreten durch die Gesellschafter: Edwin Falk, Eugen Falk
Im Schönblick 16
51597 Morsbach
Deutschland

Telefon: 022939011211
E-Mail: info@kabel-licht.de

USt-IdNr.: DE 275645882

Alternative Streitbeilegung:

Die Europäische Kommission stellt eine Plattform für die außergerichtliche Online-Streitbeilegung (OS-Plattform)bereit, aufrufbar unter /ec.europa.eu/odr.

Wir sind bereit, an Streitbeilegungsverfahren vor Verbraucherschlichtungsstellen teilzune...",Business Name:Elektrotechnik Falk GbR,Im Schönblick 16MorsbachNRW51597DE,8,0,1,1,370,141,ETF,https://www.amazon.de/-/en/ETF/b/ref=bl_dp_s_web_10136917031?ie=UTF8&node=10136917031&field-lbr_brands_browse-bin=ETF,99,520,['info@kabel-licht.de'],"['0229390112', '2756458']","['kabel-licht.de', '/ec.europa.eu/odr.', 'teilzune...']",99,520
13,2020-11-15,Garden,Seller 884,Seller 884-link,Seller 884-storefrontlink,1-16 of 71 results,Vitapur GmbH is committed to providing each customer with the highest standard of customer service.,Business Name:Vitapur GmbH,Gabelsbergerstraße 5Klagenfurt am Wörthersee9020AT,4,0,0,2,1178,829,ROSMARINO,https://www.amazon.de/-/en/ROSMARINO/b/ref=bl_dp_s_web_20313259031?ie=UTF8&node=20313259031&field-lbr_brands_browse-bin=ROSMARINO,98,455,[],[],[],98,455
14,2020-11-15,Garden,Seller 221,Seller 221-link,Seller 221-storefrontlink,"1-16 of over 1,000 results","Kurz & Moderwaren
Großhandel Karin Janke
Inhaberin: Karin Janke  Straße der Freiheit 20-4838 DoberschützTelefon: 03423 / 755622
Telefax: 03423 / 752003E-Mail: kvm-janke@web.de
Umsatzsteuer-Identifikationsnummer gemäß § 27 a Umsatzsteuergesetz: DE 141 769 817
Online-Streitbeilegung gemäß Art. 14 Abs. 1 ODR-VO:
 Die Europäische Kommission bietet eine Onlineplattform für Streitbeilegung an, die Sie hier finden: https://ec.europa.eu/consumers/odr/",Business Name:Großhandel Karin Janke,Straße der Freiheit2Doberschütz04838DE,14,0,0,2,2160,1776,Prym,https://www.amazon.de/-/en/Prym/b/ref=bl_dp_s_web_7039954031?ie=UTF8&node=7039954031&field-lbr_brands_browse-bin=Prym,98,449,['kvm-janke@web.de'],[],"['web.de', 'https://ec.europa.eu/consumers/odr/']",98,449
15,2020-11-15,Garden,Seller 943,Seller 943-link,Seller 943-storefrontlink,"1-16 of over 3,000 results","Impressum ABS Werbestudio Inhaber: Martin Parey Alter Hafen Nord 215&br; 18069 Rostock&br; Deutschland&br; &br; Telefon: 038120268880&br; &br; E-Mail: anfrage@abs-werbestudio.de Umsatzsteuer-Identifikationsnummer: DE 210271922 Die Europäische Kommission stellt eine Plattform zur Online-Streitbeilegung (OS) bereit, die Sie hier finden ec.europa.eu/consumers/odr/. Verbraucher haben die Möglichkeit, diese Plattform für die Beilegung ihrer Streitigkeiten zu nutzen.&br; Zur Beilegung von Streitigkeit...",Business Name:ABS Werbestudio,Alter Hafen Nord 215RostockMecklenburg-Vorpommern18069DE,3,0,0,1,895,121,Wandtattoo Loft,https://www.amazon.de/-/en/Wandtattoo-Loft/b/ref=bl_dp_s_web_16449464031?ie=UTF8&node=16449464031&field-lbr_brands_browse-bin=Wandtattoo+Loft,99,394,['anfrage@abs-werbestudio.de'],"['0381202688', '2102719']","['abs-werbestudio.de', 'ec.europa.eu/consumers/odr/.', 'nutzen.&br', 'Streitigkeit...']",99,394
16,2020-11-15,Garden,Seller 584,Seller 584-link,Seller 584-storefrontlink,1-16 of 952 results,"Impressum
 
 Gesetzliche Anbieterkennung:
 
 Thomas Erfurth
 Gewerbepark West 9
 97525 Schwebheim
 Deutschland
 Telefon: 09723 9371 60
 Telefax: 09723 9371 66
 E-Mail: eitner@te-importe.de
 USt-IdNr.: DE 168250370
 
 
 Alternative Streitbeilegung:
 Die Europäische Kommission stellt eine Plattform für die außergerichtliche Online-Streitbeilegung (OS-Plattform) bereit, aufrufbar unter /ec.europa.eu/odr.
 
 Wir sind seit 01.09.2015 Mitglied der Initiative ""FairCommerce"".
Nähere Informationen hierzu finden Sie unter...",Business Name:Thomas Erfurth,Gewerbepark West 9Schwebheim97525DE,15,0,0,1,2857,227,Pleatco,https://www.amazon.de/-/en/s/ref=bl_dp_s_web_0?ie=UTF8&search-type=ss&index=garden-de&field-keywords=Pleatco,98,344,['eitner@te-importe.de'],"['723 9371', '723 9371', '1682503']","['te-importe.de', '/ec.europa.eu/odr.', '01.09.2015', 'unter...']",98,344
17,2020-11-15,Garden,Seller 668,Seller 668-link,Seller 668-storefrontlink,1-16 of 954 results,"ImpressumFrau Jeanette Reiners, 
handelnd unter der geschäftlichen Bezeichnung:
Aquaristik und Teichfachhandel
Jeanette Reiners
Rödgener Str. 4
41844 Wegberg
Deutschland

Telefon: 02436 339091
Telefax: 02436 339092
E-Mail: sales@tomodachi-koifood.com
Umsatzsteuer Identnummer: DE 160830797Link auf die Plattform der EU-Kommission zur Online-Streitbeilegung: 
 /ec.europa.eu/consumers/odrZur Teilnahme an einem Streitbeilegungsverfahren vor einer Verbraucherschlichtungsstelle bin ich nicht verpflichtet und grund...",Business Name:Jeanette Reiners,Roedgener Strasse4Wegberg41844DE,16,0,1,1,253,152,Tomodachi,https://www.amazon.de/-/en/Tomodachi/b/ref=bl_dp_s_web_16081799031?ie=UTF8&node=16081799031&field-lbr_brands_browse-bin=Tomodachi,98,318,['sales@tomodachi-koifood.com'],"['436 3390', '436 3390', '1608307']","['tomodachi-koifood.com', '/ec.europa.eu/consumers/odrZur', 'grund...']",98,318
18,2020-11-15,Garden,Seller 437,Seller 437-link,Seller 437-storefrontlink,1-16 of 912 results,"Luna24 präsentiert Neues und Spektakuläres aus Sport und Fitness, Gadgets zum Staunen und Neues aus aller Welt!!!Impressum:Lene Maia Costa, Erlenweg 2, 77731 LegelshurstTel: 07852-9354105Umsatzsteuer-ID DE301625649
Steueridentifikation
Steuernummer: 0825424016

Bankverbindung
 Name der Bank: PostbankKonto-Nr. 877414432, Blz: 36010043IBAN: DE 42360100430877414432
 BIC: PBNKDEFF
 Kontoinhaber: Nelcilene Maia Costa""Plattform der EU-Kommission zur Online- Streitbeilegung: /ec.europa.eu/consumers/odr„Den an...",Business Name:Nelcilene Maia Costa,Erlenweg2Willstaett77731DE,15,0,0,1,6251,2443,joka international GmbH,https://www.amazon.de/-/en/joka-international-GmbH/b/ref=bl_dp_s_web_1723317031?ie=UTF8&node=1723317031&field-lbr_brands_browse-bin=joka+international+GmbH,99,308,[],"['852-9354105', '3016256', '0825424016', '8774144', '3601004', '4236010043', '0877414432']","['/ec.europa.eu/consumers/odr', 'an...']",99,308
19,2020-11-15,Garden,Seller 841,Seller 841-link,Seller 841-storefrontlink,"1-16 of over 10,000 results","Autoteile Jakobs GmbHSiedlungsstraße 15D-66773 Schwalbach/HülzweilerTelefon: 06831-9458970Telefax: 06831-94589729E-Mail: info@lenkgetriebe.netGeschäftsführung: Silke LukasRegistergericht: Amtsgericht SaarbrückenRegisternummer: HRB 16939 Umsatzsteuer-ID-Nummer: DE814946328Link auf die Online-Streitbeilegungs-Plattform der EU:   https://ec.europa.eu/consumers/odr/Unser Datenschutzbeauftragter: dn@prokom.de
Die Europäische Kommission bietet eine Onlineplattform für Streitbeilegung an, die Sie hier f...",Business Name:Autoteile Jakobs GmbH,Siedlungsstrasse15Hülzweiler66773DE,15,0,0,0,16961,119,Triscan,https://www.amazon.de/-/en/Triscan/b/ref=bl_dp_s_web_2480892031?ie=UTF8&node=2480892031&field-lbr_brands_browse-bin=Triscan,94,305,"['info@lenkgetriebe.netGesch', 'dn@prokom.de']","['831-9458970', '831-9458972', '8149463']","['lenkgetriebe.netGeschäftsführung', 'https://ec.europa.eu/consumers/odr/Unser', 'prokom.de', 'f...']",94,305
20,2020-11-15,Garden,Seller 935,Seller 935-link,Seller 935-storefrontlink,"1-16 of over 1,000 results","Impressum
 
 Gesetzliche Anbieterkennung:
 
 Thomas Wagner
 Gewerbestr. 5
 89290 Buch (Schwaben)
 Deutschland
 Telefon: 07343 919260
 Telefax: 07343 919259
 E-Mail: info@automatenwagner.de
 USt-IdNr.: DE 209142648
 
 Wir sind seit 18.12.2015 Mitglied der Initiative ""FairCommerce"".
 Nähere Informationen hierzu finden Sie unter .fair-commerce.de. 
Die Europäische Kommission bietet eine Onlineplattform für Streitbeilegung an, die Sie hier finden: https://ec.europa.eu/consumers/odr/

Unter diesem Link finden Sie die...",Business Name:Wagner Automaten,Gewerbestr.5BuchBayern89290DE,15,0,0,1,2443,1363,Wagner Automaten,https://www.amazon.de/-/en/Wagner-Automaten/b/ref=bl_dp_s_web_1700112031?ie=UTF8&node=1700112031&field-lbr_brands_browse-bin=Wagner+Automaten,99,304,['info@automatenwagner.de'],"['343 9192', '343 9192', '2091426']","['automatenwagner.de', '18.12.2015', '.fair-commerce.de.', 'https://ec.europa.eu/consumers/odr/', 'die...']",99,304
21,2020-11-15,Garden,Seller 277,Seller 277-link,Seller 277-storefrontlink,"1-16 of over 70,000 results","Impressum
Gesetzliche Anbieterkennung:
Leotie GmbH
diese vertreten durch den Geschäftsführer Thorsten Kötter , Walter Rickel
Raiffeisenstr. 1
61191 Rosbach
Deutschland
Telefon: 06003-9355800
E-Mail: info@leotie.de
USt-IdNr.: DE815567750
eingetragen im Handelsregister des Amtsgerichtes Friedberg
Handelsregisternummer HRB 8031
Die Europäische Kommission stellt eine Plattform für die außergerichtliche Online-Streitbeilegung
(OS-Plattform) bereit, aufrufbar unter //ec.europa.eu/odr.
Wir sind Mitglied der Initiati...",Business Name:Leotie GmbH,Raiffeisenstrasse1Rosbach61191DE,1,0,1,2,92,63,LEotiE SINCE 2004,https://www.amazon.de/-/en/LEotiE-SINCE-2004/b/ref=bl_dp_s_web_3257256031?ie=UTF8&node=3257256031&field-lbr_brands_browse-bin=LEotiE+SINCE+2004,96,304,['info@leotie.de'],"['003-9355800', '8155677']","['leotie.de', '//ec.europa.eu/odr.', 'Initiati...']",96,304
22,2020-11-15,Garden,Seller 55,Seller 55-link,Seller 55-storefrontlink,"1-16 of over 5,000 results","Impressum

 Gesetzliche Anbieterkennung:

 Kalitec Verbindungstechnik GmbH

 diese vertreten durch den Geschäftsführer Kai Lindemann, Kevin Braasch

 Lindgesfeld 8h

 42653 Solingen

 Deutschland

 Telefon: 0212|5990639

 Telefax: 0212/5993427

 E-Mail: 

 info@kalishop.de

 USt-IdNr.: DE 313924120

 eingetragen im Handelsregister des Amtsgerichtes Wuppertal

 Handelsregisternummer HRB 28439

 Alternative Streitbeilegung:

 Die Europäische Kommission stellt eine Plattform für die außergerichtliche Online-Streitbeilegung (OS-Plattform)

 berei...",Business Name:Kalitec Verbindunstechnik GmbH,Lindgesfeld 8hLindgesfeld 8HSolingenNRW42653DE,15,0,2,1,698,268,SW-Stahl,https://www.amazon.de/-/en/s/ref=bl_dp_s_web_0?ie=UTF8&search-type=ss&index=automotive&field-keywords=SW-Stahl,98,286,['info@kalishop.de'],"['5990639', '5993427', '3139241']","['kalishop.de', 'berei...']",98,286
23,2020-11-15,Garden,Seller 959,Seller 959-link,Seller 959-storefrontlink,1-16 of 357 results,"ImpressumAngaben gemäß § 5 TMG Leonhard Wolff
Schönthal 5
52379 Langerwehe Vertreten durch: 
Leonhard Wolff Kontakt:
Telefon: 02423-408644
Fax: 02423-408645
E-Mail: wasserpflanzen@t-online.de Umsatzsteuer-ID: 
Umsatzsteuer-Identifikationsnummer gemäß §27a Umsatzsteuergesetz: DE 812591700 Haftungsausschluss: 

Haftung für Inhalte

Die Inhalte unserer Seiten wurden mit größter Sorgfalt erstellt. Für die Richtigkeit, Vollständigkeit und Aktualität der Inhalte können wir jedoch keine Gewähr übernehmen. Als Die...",Business Name:Wasserpflanzen Wolff,Schönthal5Langerwehe52379DE,2,0,0,2,178,166,Visit the Wasserpflanzen Wolff Store,https://www.amazon.de/-/en/stores/+Wasserpflanzen+Wolff/page/E8506975-F16C-4F25-89E6-EFDBAF50BC2A?ref_=ast_bln,96,267,['wasserpflanzen@t-online.de'],"['423-4086', '423-4086', '8125917']","['t-online.de', 'Die...']",96,267
24,2020-11-15,Garden,Seller 128,Seller 128-link,Seller 128-storefrontlink,"1-16 of over 2,000 results","Impressum Gesetzliche Anbieterkennung: Kirchner GmbH
 diese vertr. d. d. Geschäftsführer Gerd Kirchner, Marius Kirchner
 Nikolaus-Fey-Str. 17
 97447 Gerolzhofen
 Deutschland
 Telefon: 0938297910
 Telefax: 09382979179
 E-Mail: info@kirchner24.de
 USt-IdNr.: DE133848330
 eingetragen im Handelsregister des Amtsgerichtes Schweinfurt
 Handelsregisternummer HRB 0849 Berufshaftpflichtversicherung
 GENERALI Versicherungen
 Adenauerring 11
 81737
 München
räumlicher Geltungsbereich der Berufshaftpflichtversicherung: i...",Business Name:Kirchner GmbH,Nikolaus Fey Str17Gerolzhofen97447DE,14,0,0,0,7072,5499,Makita,https://www.amazon.de/-/en/Makita/b/ref=bl_dp_s_web_3200602031?ie=UTF8&node=3200602031&field-lbr_brands_browse-bin=Makita,98,256,['info@kirchner24.de'],"['0938297910', '0938297917', '1338483']","['kirchner24.de', 'i...']",98,256
25,2020-11-15,Garden,Seller 895,Seller 895-link,Seller 895-storefrontlink,1-16 of 491 results,"---> Hinweis: Den anklickbaren Link zur Plattform der EU-Kommission zur Online-Streitbeilegung und weitere Informationen erreichen Sie, indem Sie unten auf den Punkt „Mehr lesen“ klicken. Anschriften:
 Infinite Motion Magnetsysteme GmbH
 Wilder-Mann-Str. 45
 01129 Dresden Shop Information:
 Geschäftsführer: Arwed Graubner
 Handelsregister HRB 37608
 Amtsgericht Dresden
   Kontakt:
 Tel: +49 (0) 351 47 99 031/32
 Fax: +49 (0) 351 47 99 033
 E-Mailadresse: info@infinitemotion.de Umsatzsteuer-Identifikations...",Business Name:Infinite Motion Magnetsysteme GmbH,Wilder-Mann-Str.45Dresdennull01129DE,12,0,0,2,272,215,Viwanda,https://www.amazon.de/s/ref=bl_dp_s_web_0?ie=UTF8&search-type=ss&index=garden-de&field-keywords=Viwanda,98,247,['info@infinitemotion.de'],[],"['infinitemotion.de', 'Umsatzsteuer-Identifikations...']",98,247
26,2020-11-15,Garden,Seller 508,Seller 508-link,Seller 508-storefrontlink,"1-16 of over 3,000 results","Berger Gross und Einzelhandels UG (haftungsbeschränkt)
 Fischstraße 20
 17489 Greifswald
 Deutschland
 
 Tel.: +49 3834-8383444
 E-Mail: sales@tacopsgear.de
 
 Registergericht: Amtsgericht Stralsund
 Registernummer: HRB 21065
 
 Geschäftsführer: Andreas Berger
 
 Umsatzsteuer-Identifikationsnummer gemäß § 27 a Umsatzsteuergesetz: DE 265045637
 
 Warenanahme, Retouren und Versand
 TACOPSGEAR
 Berger Gross und Einzelhandels UG
 Gödeckekamp 1
 38667 Bad Harzburg Wir sind zur Teilnahme an einem Streitbeilegungsverfahr...",Business Name:Berger Gross und Einzelhandels UG (haftungsbeschränkt),"Fischstraße 20Berger Gross und Einzelhandels UGGreifswald , HansestadtMV17489DE",16,0,3,3,479,256,Wildo,https://www.amazon.de/-/en/s/ref=bl_dp_s_web_0?ie=UTF8&search-type=ss&index=sporting-de&field-keywords=Wildo,97,236,['sales@tacopsgear.de'],"['834-8383444', '2650456']","['tacopsgear.de', 'Streitbeilegungsverfahr...']",97,236
27,2020-11-15,Garden,Seller 492,Seller 492-link,Seller 492-storefrontlink,1-16 of 378 results,"Impressum Gesetzliche Anbieterkennung: Petra Werling PETRAS-Topshop Im Bruch 2a 76744 Wörth am Rhein Deutschland Telefon: 07271 9812735 Telefax: 07271 9812736E-Mail: info@petras-topshop.deUSt-IdNr.: DE271365749 Alternative Streitbeilegung:Die Europäische Kommission stellt eine Plattform für die außergerichtliche Online-Streitbeilegung (OS-Plattform) bereit, aufrufbar unterec.europa.eu/consumers/odr.Wir sind seit 05.01.2016 Mitglied der Initiative ""FairCommerce"".Nähere Informationen hierzu finden...","Business Name:PETRAS-Topshop, Petra Werling",Hertzstraße3Wörth76744DE,2,0,0,0,66,58,PEnandiTRA®,https://www.amazon.de/PEnandiTRA%C2%AE/b/ref=bl_dp_s_web_10663467031?ie=UTF8&node=10663467031&field-lbr_brands_browse-bin=PEnandiTRA%C2%AE,98,232,['info@petras-topshop.deUSt-IdNr'],"['271 9812735', '271 9812736', '2713657']","['petras-topshop.deUSt-IdNr.', 'unterec.europa.eu/consumers/odr.Wir', '05.01.2016', 'finden...']",98,232
28,2020-11-15,Garden,Seller 835,Seller 835-link,Seller 835-storefrontlink,1-16 of 854 results,"Versandhandel Erwin Lücken  Inhaber: Erwin Lücken Wallweg 126203 Wardenburg  Tel.; 04407/715872 Fax 04407/715915 e-mail: versand@erwinluecken.de Ust-Id.: DE812062123 
  
 
 Geschäftszeiten: 
 
 Mo bis Do 7.00 bis 17.00Uhr und Fr 7.00 bis 13.00Uhr


 

 
 Unsere e-Mail für Verbraucherbeschwerden: versand@erwinluecken.de
 

 Wir sind zur Teilnahme an einem Streitbeilegungsverfahren vor einer Verbraucherschlichtungsstelle weder verpflichtet noch bereit.
 

 

 

 


Die Europäische Kommission bietet eine Onlineplattform für Streitbei...",Business Name:Erwin Lücken,Wallweg 1WardenburgNiedersachsen26203DE,15,0,0,0,775,577,HI,https://www.amazon.de/-/en/HI/b/ref=bl_dp_s_web_17629597031?ie=UTF8&node=17629597031&field-lbr_brands_browse-bin=HI,99,223,"['versand@erwinluecken.de', 'versand@erwinluecken.de']",['8120621'],"['erwinluecken.de', '7.00', '17.00Uhr', '7.00', '13.00Uhr', 'erwinluecken.de', 'Streitbei...']",99,223
29,2020-11-15,Garden,Seller 1032,Seller 1032-link,Seller 1032-storefrontlink,"1-16 of over 1,000 results","The European Commission provides for an Online Dispute Resolution Platform, which you can access here: https://ec.europa.eu/consumers/odr/Please see the following link for the nationally appointed Alternative Dispute Resolution bodies contact details: https://webgate.ec.europa.eu/odr/main/index.cfm?event=main.adr.show",Business Name:Wiemann Lehrmittel,Gehrenplan27MuldestauseeSachsen-Anhalt06774DE,15,0,0,2,3275,2817,Wiemann Lehrmittel,https://www.amazon.de/-/en/s/ref=bl_dp_s_web_0?ie=UTF8&search-type=ss&index=pets&field-keywords=Wiemann+Lehrmittel,97,222,[],[],"['https://ec.europa.eu/consumers/odr/Please', 'https://webgate.ec.europa.eu/odr/main/index.cfm?event=main.adr.show']",97,222
30,2020-11-15,Garden,Seller 52,Seller 52-link,Seller 52-storefrontlink,"1-16 of over 1,000 results","Impressum
 
 Gesetzliche Anbieterkennung:
 
 Georg Kaiser
 kaiser24.shop 
 Berliner Str. 155a
 42277 Wuppertal
 Deutschland
 Telefon: 020260937540
 Telefax: 020260937541
 E-Mail: info@kaiser24.shop
 USt-IdNr.: DE 241714748
 
 
 
 
 
 Alternative Streitbeilegung:
 Die Europäische Kommission stellt eine Plattform für die außergerichtliche Online-Streitbeilegung (OS-Plattform) bereit, aufrufbar unter ec.europa.eu/odr. 
Die Europäische Kommission bietet eine Onlineplattform für Streitbeilegung an, die Sie hier finden: ...",Business Name:Georg Kaiser,Berliner Str.155aWuppertal42277DE,15,0,0,3,2044,787,Markenlos,https://www.amazon.de/-/en/Markenlos/b/ref=bl_dp_s_web_7079845031?ie=UTF8&node=7079845031&field-lbr_brands_browse-bin=Markenlos,95,221,['info@kaiser24.shop'],"['0202609375', '0202609375', '2417147']","['kaiser24.shop', 'kaiser24.shop', 'ec.europa.eu/odr.', '...']",95,221
31,2020-11-15,Garden,Seller 231,Seller 231-link,Seller 231-storefrontlink,"1-16 of over 2,000 results","Kontakt:

 


 LACKNER & URNITSCH 

 Präzionsmaschinen und Werkzeuge  Ges.mbH

 


 Bahnhofsgürtel 37

 AT - 8020 Graz

 


 Tel.: 0043-(0)316-711480-0

 


 Montag-Donnerstag   7.30-16.30 Uhr

 Freitag                       7.30-13.00 Uhr

 


 Fax: 0043-(0)316-711480-39

 


 E-Mail: 
 amazon@urnitsch.at

 


 Firmenbuch Nr.:  57123 f (Graz)

 UID-Nr.:              AT U28 636 009

                              DE 234 445 787 für Lieferungen nach Deutschland

 


 Geschäftsführer: Dkfm. Jürgen Pfeng 

 


 Im allgemeinen liefern wir per DPD-Paketdienst. Lieferungen an Pack...",Business Name:LACKNER & URNITSCH Ges.m.b.H.,Bahnhofgürtel 37GrazÖsterreich8020AT,13,0,0,0,2391,1856,Milwaukee,https://www.amazon.de/-/en/Milwaukee/b/ref=bl_dp_s_web_1892126031?ie=UTF8&node=1892126031&field-lbr_brands_browse-bin=Milwaukee,99,214,['amazon@urnitsch.at'],"['316-7114', '316-7114']","['Ges.mbH', '7.30-16.30', '7.30-13.00', 'urnitsch.at', 'Pack...']",99,214
32,2020-11-15,Garden,Seller 118,Seller 118-link,Seller 118-storefrontlink,"1-16 of over 2,000 results","Kiids Vertriebs GmbH  Maybachstr. 3 76227 Karlsruhe Deutschland   Tel.: +49 721 94 05 90 Fax: +49 721 94 05 80 E-Mail: info@Kiids.de  WWW: Kiids.de  Registergericht: Amtsgericht Mannheim  Registernummer: HRB 711961   Geschäftsführer: Franz Schulze Sutthoff   Umsatzsteuer-Identifikationsnummer gemäß § 27 a Umsatzsteuergesetz: DE277193433  Die Europäische Kommission stellt eine Plattform zur Online-Streitbeilegung (OS) bereit, die Sie hier finden ec.europa.eu/consumers/odr/. Wir sind zur Teilnahme...",Business Name:Kiids Vertriebs GmbH,Maybachstraße3Karlsruhe76227DE,14,0,3,2,3625,2066,Spielstabil,https://www.amazon.de/-/en/Spielstabil/b/ref=bl_dp_s_web_19028525031?ie=UTF8&node=19028525031&field-lbr_brands_browse-bin=Spielstabil,97,213,['info@Kiids.de'],['2771934'],"['Kiids.de', 'Kiids.de', 'ec.europa.eu/consumers/odr/.', 'Teilnahme...']",97,213
33,2020-11-15,Garden,Seller 911,Seller 911-link,Seller 911-storefrontlink,1-16 of 95 results,"Impressum  Gesetzliche Anbieterkennung:  Torsten Volz & Heiko Karl GbR vertreten durch die Gesellschafter: Torsten Volz, Heiko Karl Spöcker Straße 33 76646 Bruchsal Deutschland Telefon: 07221 185 80 28 E-Mail: volz.karl@googlemail.com USt-IdNr.: DE292456864 Die Europäische Kommission stellt eine Plattform für die außergerichtliche Online-Streitbeilegung (OS-Plattform) bereit, aufrufbar unter //ec.europa.eu/odr.  Wir sind Mitglied der Initiative ""FairCommerce"". Nähere Informationen hierzu finden...","Business Name:Karl, Heiko und Volz, Torsten GbR",Spöcker Straße33Bruchsal76646DE,15,0,3,3,755,390,Votoka,https://www.amazon.de/-/en/s/ref=bl_dp_s_web_0?ie=UTF8&search-type=ss&index=garden-de&field-keywords=Votoka,96,211,['volz.karl@googlemail.com'],['2924568'],"['volz.karl', 'googlemail.com', '//ec.europa.eu/odr.', 'finden...']",96,211
34,2020-11-15,Garden,Seller 811,Seller 811-link,Seller 811-storefrontlink,1-16 of 254 results,"Impressum VDB-Schweisstechnik Inhaber: Aleksander Vonderbank Von-Kleist-Str. 5 41542 Dormagen Deutschland Telefon: 021339747276 Mail: amazon@vdb-schweisstechnik.com Umsatzsteuer-Identifikationsnummer: DE312390266 Die Europäische Kommission stellt eine Plattform zur Online-Streitbeilegung (OS) bereit, die Sie hier finden ec.europa.eu/consumers/odr/. Zur Teilnahme an einem Streitbeilegungsverfahren vor einer Verbraucherschlichtungsstelle sind wir nicht verpflichtet und nicht bereit. Impressum erst...",Business Name:VDB-Schweisstechnik Inh. Aleksander Vonderbank,Von-Kleist-Straße5Dormagen41542DE,1,0,0,1,168,117,Visit the VDB Store,https://www.amazon.de/-/en/stores/VDB-Schweisstechnik%2A++-+Schwei%C3%9Ffachhandel+/page/F338C0D9-D06A-48F5-9CFC-C3E14B47E8EF?ref_=ast_bln,98,211,['amazon@vdb-schweisstechnik.com'],"['0213397472', '3123902']","['vdb-schweisstechnik.com', 'ec.europa.eu/consumers/odr/.', 'erst...']",98,211
35,2020-11-15,Garden,Seller 905,Seller 905-link,Seller 905-storefrontlink,1-16 of 455 results,"Vollwaren Handelsgesellschaft mbH 
 Oldenburger Str. 26
 26835 Hesel
 Deutschland 
 
 Tel.: 049508063696
 Fax: 049508063698
 E-Mail: post@vollwaren.de 
 
 Registergericht: Amtsgericht Aurich 
 Registernummer: HRB 201584 
 
 Geschäftsführer: Sven Oliver Brüggemann 
 

  Umsatzsteuer-Identifikationsnummer gemäß § 27 a Umsatzsteuergesetz: DE271613252 
 


 


 Mitglied der Initiative ""Fairness im Handel"".
 
 Nähere Informationen: /www.fairness-im-handel.de
 
 
 
 Verantwortlicher i.S.d. § 55 Abs. 2 RStV:
 
Sven Oliver Brüggemann, Olde...",Business Name:Vollwaren Handelsgesellschaft mbH,Oldenburger Str. 26HeselNiedersachsen26835DE,15,0,0,0,5,4,Die Vogelvilla,https://www.amazon.de/-/en/Die-Vogelvilla/b/ref=bl_dp_s_web_19334755031?ie=UTF8&node=19334755031&field-lbr_brands_browse-bin=Die+Vogelvilla,95,204,['post@vollwaren.de'],"['0495080636', '0495080636', '2716132']","['vollwaren.de', '/www.fairness-im-handel.de', 'i.S.d.', 'Olde...']",95,204
36,2020-11-15,Garden,Seller 302,Seller 302-link,Seller 302-storefrontlink,1-16 of 96 results,"Impressum   Licht & Wasserwelt GmbH  Gartenstraße 8
 34326 Morschen
 Deutschland Telefon 05664 478
 Geschäftsführer Daniel Czyganowsky   Bankverbindung Deutsche Bank
 IBAN: DE46520700240032517500
 BIC: DEUTDEDB520 Kontoinhaber: Licht & Waserwelt GmbH _________________________________________ Registergericht: Amtsgericht Fritzlar
 Registernummer: HRB 12039 WEEE-Reg.-Nr.: DE 65671915 Steuernummer: 026 238 26142 Umsatzsteuer-Identifikationsnummer gem. § 27 a Umsatzsteuergesetz: DE 294261031
 Verantwortli...",Business Name:Licht & Wasserwelt GmbH,Gartenstr.Gartenstr. 8Morschen34326DE,2,0,0,0,788,300,SpiceFlow,https://www.amazon.de/-/en/SpiceFlow/b/ref=bl_dp_s_web_15846554031?ie=UTF8&node=15846554031&field-lbr_brands_browse-bin=SpiceFlow,99,203,[],"['4652070024', '0032517500', '6567191', '026 238 2614', '2942610']","['WEEE-Reg.-Nr.', 'Verantwortli...']",99,203
37,2020-11-15,Garden,Seller 429,Seller 429-link,Seller 429-storefrontlink,"1-16 of over 3,000 results","Silvya Plambeck
 Plambeck & luftballonwelt 
 Elbuferstr. 36
 21436 Marschacht
 Deutschland 
 
 Tel.: 041769480491
 Fax: 041769480492
 E-Mail: info@luftballonwelt.de 
 
 Umsatzsteuer-Identifikationsnummer gemäß § 27 a Umsatzsteuergesetz: DE 812851075 
 
 Wir sind zur Teilnahme an einem Streitbeilegungsverfahren vor einer Verbraucherschlichtungsstelle weder verpflichtet noch bereit.
Die Europäische Kommission bietet eine Onlineplattform für Streitbeilegung an, die Sie hier finden: https://ec.europa.eu/consumer...",Business Name:Plambeck & luftballonwelt,Elbuferstr.36Marschacht21436DE,14,0,0,3,2027,516,Visit the Folat Store,https://www.amazon.de/-/en/stores/Folat+B.V./page/7B0994FE-E51B-41F1-ADB7-620F638CA1D3?ref_=ast_bln,96,203,['info@luftballonwelt.de'],"['0417694804', '0417694804', '8128510']","['luftballonwelt.de', 'https://ec.europa.eu/consumer...']",96,203
38,2020-11-15,Garden,Seller 199,Seller 199-link,Seller 199-storefrontlink,1-16 of 62 results,"Anbieterkennzeichnung
Ina Sehm
Ksells
Albert-Schenk-Straße 13
09125 Chemnitz
Tel: 0371 272 86 36
E-Mail: info@ksells.deUmsatzsteuer-Identifikationsnummer gemäß § 27 a Umsatzsteuergesetz: DE288222891
Die Europäische Kommission bietet eine Onlineplattform für Streitbeilegung an, die Sie hier finden: https://ec.europa.eu/consumers/odr/Unter diesem Link finden Sie die Kontaktdaten der offiziellen Streitbeilegungsstellen: https://webgate.ec.europa.eu/odr/main/index.cfm?event=main.adr.show",Business Name:Ina Sehm,Albert-Schenk-Str. 13Chemnitz09125DE,14,0,0,1,6136,3664,BEVO,https://www.amazon.de/-/en/BEVO/b/ref=bl_dp_s_web_18699297031?ie=UTF8&node=18699297031&field-lbr_brands_browse-bin=BEVO,99,202,['info@ksells.deUmsatzsteuer-Identifikationsnummer'],['2882228'],"['ksells.deUmsatzsteuer-Identifikationsnummer', 'https://ec.europa.eu/consumers/odr/Unter', 'https://webgate.ec.europa.eu/odr/main/index.cfm?event=main.adr.show']",99,202
39,2020-11-15,Garden,Seller 196,Seller 196-link,Seller 196-storefrontlink,"1-16 of over 20,000 results","Impressum KS Licht- und Elektrotechnik GmbH
 Manderscheidtstr. 8 C
 45141 Essen Telefon: +49-201-89924-0
 Fax: +49-201-89924-124 E-Mail: Service@KS-Germany.com Geschäftsführer:
 Peter Gillet, Uwe van den Berg Handelsregister: Amtsgericht Essen, HRB 12736 Umsatzsteuer-Identifikationsnummer: DE 190673411 VerpackungsG-Reg-Nr.: DE1943486907742  Wir sind bereit, an einem außergerichtlichen Schlichtungsverfahren vor einer Verbraucherschlichtungsstelle teilzunehmen.
Zuständig ist die Allgemeine Verbraucher...",Business Name:KS Licht- u. Elektrotechnik GmbH,KS Licht- u. Elektrotechnik GmbHManderscheidtstraße 8CEssen45141DE,16,0,0,1,4889,1544,Visit the Paulmann Store,https://www.amazon.de/-/en/stores/Paulmann+Licht+GmbH/page/D412D51F-418C-4C96-9473-7C5F159198ED?ref_=ast_bln,97,197,['Service@KS-Germany.com'],"['201-8992', '201-8992', '1906734', '1943486907']","['KS-Germany.com', 'Verbraucher...']",97,197
40,2020-11-15,Garden,Seller 1508,Seller 1508-link,Seller 1508-storefrontlink,1-16 of 177 results,"Zaundirekt GmbH & Co. KG, Geschäftsführer Fabian Bischoff, Seelohe 31, 97478 Knetzgau Telefon: 09527/ 95 20 86 0, E-Mail: info@zaundirekt.de, Registergericht: Amtsgericht Bamberg Registernummer: HRA 12654 Umsatzsteuer-Identifikationsnummer gemäß § 27 a Umsatzsteuergesetz: DE328448583 vertreten durch die persönlich haftende Gesellschafter
 Zaundirekt Verwaltungs GmbH
 diese vertr. d. d. Geschäftsführer Fabian Bischoff Seelohe 31, 97478 Knetzgau, Deutschland
eingetragen im Handelsregister des Amtsge...",Business Name:Zaundirekt GmbH & Co. KG,Seelohe 31KnetzgauBayern97478DE,9,0,2,2,129,108,Zaundirekt,https://www.amazon.de/-/en/s/ref=bl_dp_s_web_0?ie=UTF8&search-type=ss&index=garden-de&field-keywords=Zaundirekt,97,184,['info@zaundirekt.de'],['3284485'],"['zaundirekt.de', 'Amtsge...']",97,184
41,2020-11-15,Garden,Seller 1774,Seller 1774-link,Seller 1774-storefrontlink,"1-16 of over 4,000 results","Impressum
 
 Gesetzliche Anbieterkennung:
 
 Thomas Moritz
 Am Klostergarten 23
 06295 Lutherstadt Eisleben
 Deutschland
 Telefon: 03475 714957
 E-Mail: info@zooheld.de
 USt-IdNr.: DE 212639574
 
 
 
 
 
 Alternative Streitbeilegung:
 Die Europäische Kommission stellt eine Plattform für die außergerichtliche Online-Streitbeilegung (OS-Plattform) bereit, aufrufbar unter /ec.europa.eu/odr.
 
 Wir sind seit 22.11.2015 Mitglied der Initiative ""FairCommerce"".
Nähere Informationen hierzu finden Sie unter www.fair-commer...",Business Name:Moritz-Consumer-Service,Moritz Consumer ServiceAm Klostergarten 23Lutherstadt EislebenSachsen-Anhalt06295DE,15,0,0,3,8936,8740,Visit the Tetra Store,https://www.amazon.de/-/en/stores/Tetra/page/DCE34886-C391-4ADB-953C-11124A982133?ref_=ast_bln,96,173,['info@zooheld.de'],"['475 7149', '2126395']","['zooheld.de', '/ec.europa.eu/odr.', '22.11.2015', 'www.fair-commer...']",96,173
42,2020-11-15,Garden,Seller 553,Seller 553-link,Seller 553-storefrontlink,1-16 of 34 results,"Impressum
Gesetzliche Anbieterkennung:
Maik Anwand
my-plast
Westeröder Str. 61
37115 Duderstadt
Deutschland
Telefon: 055279970868
E-Mail: technoplast@t-online.de
USt-IdNr.: DE815343745
Die Europäische Kommission stellt eine Plattform für die außergerichtliche Online-Streitbeilegung
(OS-Plattform) bereit, aufrufbar unter //ec.europa.eu/odr.
Wir sind Mitglied der Initiative ""FairCommerce"".
Nähere Informationen hierzu finden Sie unter www.fair-commerce.de.",Business Name:Maik Anwand,Westeröder Str. 6161Duderstadt37115DE,3,0,0,0,263,214,My-Plast,https://www.amazon.de/-/en/s/ref=bl_dp_s_web_0?ie=UTF8&search-type=ss&index=diy&field-keywords=My-Plast,99,163,['technoplast@t-online.de'],"['0552799708', '8153437']","['t-online.de', '//ec.europa.eu/odr.', 'www.fair-commerce.de.']",99,163
43,2020-11-15,Garden,Seller 153,Seller 153-link,Seller 153-storefrontlink,"1-16 of over 2,000 results","Impressum
 
 Gesetzliche Anbieterkennung:
 
 Friedel und Wernecke UG (haftungsbeschränkt)
 Rehwiesen 1
 22119 Hamburg
 vertreten durch die Geschäftsführer Ron Wernecke, Tanja Friedel
 Telefon: 04084605742
 E-Mail: mail@knobelbox.com
 USt-IdNr.: DE296224231
 eingetragen im Handelsregister des Amtsgerichtes Hamburg
 Handelsregisternummer HRB 133094
 
 Alternative Streitbeilegung:
Die Europäische Kommission stellt eine Plattform für die außergerichtliche Online-Streitbeilegung (OS-Plattform) bereit, aufrufbar un...",Business Name:Friedel und Wernecke UG,Rehwiesen 1HamburgHamburg22119DE,16,0,0,0,8448,3509,Meffert's,https://www.amazon.de/-/en/Mefferts/b/ref=bl_dp_s_web_19032263031?ie=UTF8&node=19032263031&field-lbr_brands_browse-bin=Meffert%27s,99,156,['mail@knobelbox.com'],"['0408460574', '2962242']","['knobelbox.com', 'un...']",99,156
44,2020-11-15,Garden,Seller 178,Seller 178-link,Seller 178-storefrontlink,1-16 of 898 results,"Sie erreichen uns persönlich von:
 Montag bis Freitag von 8.30 bis 18.00 Uhr und am Samstag von 9.00 bis 12.00 Uhr.
 Per E-Mail: info@kotte-zeller.de
 Per Internet: www.kotte-zeller.de
 
 Tel.: 0180 / 5 97 97 98* (*€ 0,14/Min. Tarif Telekom, Mobilfunk max. € 0,42/Min.)
 Telefax: 09223 9450150
 
 Tel.: aus dem Ausland: 0049 9223 9450199 
 Telefax: 0049 9223 9450150 
 
 Web: www.kotte-zeller.de 
 E-Mail: info@kotte-zeller.de
 
 Geschäftsführer: Rainer Kotte
Verantwortlicher im Sinne von § 10 Abs. 3 MDStV Rainer...",Business Name:Kotte & Zeller GmbH,Industriestrasse 4RugendorfBayern95365DE,15,0,3,3,6886,1635,MFH,https://www.amazon.de/-/en/MFH/b/ref=bl_dp_s_web_1683240031?ie=UTF8&node=1683240031&field-lbr_brands_browse-bin=MFH,97,141,"['info@kotte-zeller.de', 'info@kotte-zeller.de']","['223 9450150', '049 9223', '9450199', '049 9223', '9450150']","['8.30', '18.00', '9.00', '12.00', 'kotte-zeller.de', 'www.kotte-zeller.de', 'www.kotte-zeller.de', 'kotte-zeller.de', 'Rainer...']",97,141
45,2020-11-15,Garden,Seller 121,Seller 121-link,Seller 121-storefrontlink,1-16 of 97 results,"Impressum
 
 Gesetzliche Anbieterkennung:
 
 Norbert Elsenheimer
 Kimiza-Duftshop
 Berggate 33
 44809 Bochum
 Deutschland
 Telefon: 0234520663
 E-Mail: info@kimiza-duftshop.de
 USt-IdNr.: DE297255270
 
 Die Europäische Kommission stellt eine Plattform für die außergerichtliche Online-Streitbeilegung (OS-Plattform)
 bereit, aufrufbar unter ec.europa.eu/odr.
 Wir sind seit 21.07.2016 Mitglied der Initiative ""FairCommerce"".
 Nähere Informationen hierzu finden Sie unter fair-commerce.de.  Hinweise zur Batterieentso...",Business Name:Kimiza-Duftshop,Berggate33Bochum44809DE,15,0,0,0,125,96,Schlaraffenland,https://www.amazon.de/-/en/s/ref=bl_dp_s_web_0?ie=UTF8&search-type=ss&index=garden-de&field-keywords=Schlaraffenland,100,140,['info@kimiza-duftshop.de'],"['0234520663', '2972552']","['kimiza-duftshop.de', 'ec.europa.eu/odr.', '21.07.2016', 'fair-commerce.de.', 'Batterieentso...']",100,140
46,2020-11-15,Garden,Seller 705,Seller 705-link,Seller 705-storefrontlink,"1-16 of over 2,000 results","Mario Klunker
TOYMATIC
Peter-Henlein-Str. 20
85540 HaarKontakt:
 
  
   Telefon:
   0176-97563029
  
  
   E-Mail:
   mario.klunker@gmx.de
  
 
Umsatzsteuer-ID:Umsatzsteuer-Identifikationsnummer gemäß §27 a Umsatzsteuergesetz:
DE254371323
Plattform der EU-Kommission zur Online-Streitbeilegung: /ec.europa.eu/consumers/odr 

""Den anklickbaren Link zur Plattform der EU-Kommission zur Online-Streitbeilegung erreichen Sie, indem Sie auf den nachfolgenden Punkt „Mehr lesen“ klicken.""
 
Wir sind zur Teilnahme an einem Streitbeilegungsverfahre...",Business Name:TOYMATIC,Peter-Henlein-Str.20HaarBayern85540DE,15,0,0,1,2485,2425,Visit the Funko Store,https://www.amazon.de/-/en/stores/Funko+Frozen+II/page/19E4FB0B-0F97-4418-B2A7-77EAC0668586?ref_=ast_bln,98,135,['mario.klunker@gmx.de'],"['176-9756302', '2543713']","['mario.klunker', 'gmx.de', '/ec.europa.eu/consumers/odr', 'Streitbeilegungsverfahre...']",98,135
47,2020-11-15,Garden,Seller 1043,Seller 1043-link,Seller 1043-storefrontlink,1-16 of 93 results,"Impressum
 
 Gesetzliche Anbieterkennung:
 
 Marcus Budczenkow
 w-mtools-de
 Röpersdorfer Str. 19
 17291 Prenzlau
 Deutschland
 Telefon: 048419811510
 E-Mail: office@w-mtools.de
 USt-IdNr.: DE 304404370 
 WEEE-Reg.-Nr.: DE 21555781
 
 
 
 
 
 Alternative Streitbeilegung:
 Die Europäische Kommission stellt eine Plattform für die außergerichtliche Online-Streitbeilegung (OS-Plattform) bereit, aufrufbar unter ec.europa.eu/odr.
 
 Wir sind seit 29.02.2016 Mitglied der Initiative ""FairCommerce"".
Nähere Informationen hie...",Business Name:w-mtools-de,Sergeantenweg17Schwesing25813DE,4,0,0,1,444,371,Visit the w-mtools Store,https://www.amazon.de/-/en/stores/w-mtools/page/430FF014-459C-4B98-8318-850657085EA9?ref_=ast_bln,99,132,['office@w-mtools.de'],"['0484198115', '3044043', '2155578']","['w-mtools.de', 'WEEE-Reg.-Nr.', 'ec.europa.eu/odr.', '29.02.2016', 'hie...']",99,132
48,2020-11-15,Garden,Seller 332,Seller 332-link,Seller 332-storefrontlink,"1-16 of over 3,000 results","LINOOWS MERCANTILE Inhaber Mathias Seidel,Seestraße 15, D - 16831 Rheinsberg,Telefon: 033931/2221Email: versand@auktionshaus-rheinsberg.deUst-ID: DE 138695673
Die Europäische Kommission bietet eine Onlineplattform für Streitbeilegung an, die Sie hier finden: https://ec.europa.eu/consumers/odr/Unter diesem Link finden Sie die Kontaktdaten der offiziellen Streitbeilegungsstellen: https://webgate.ec.europa.eu/odr/main/index.cfm?event=main.adr.show",Business Name:LINOOWS MERCANTILE Inh. Mathias Seidel,LINOOWS MERCANTILE Inhaber Mathias SeidelSeestraße 15RheinsbergBrandenburg16831DE,6,0,3,2,68,20,linoows,https://www.amazon.de/-/en/linoows/b/ref=bl_dp_s_web_3446662031?ie=UTF8&node=3446662031&field-lbr_brands_browse-bin=linoows,98,127,['versand@auktionshaus-rheinsberg.deUst-ID'],['1386956'],"['auktionshaus-rheinsberg.deUst-ID', 'https://ec.europa.eu/consumers/odr/Unter', 'https://webgate.ec.europa.eu/odr/main/index.cfm?event=main.adr.show']",98,127
49,2020-11-15,Garden,Seller 265,Seller 265-link,Seller 265-storefrontlink,"1-16 of over 3,000 results","Impressum: Leder MilzInh. Irene Koser e.K.Lindenstr. 871634 LudwigsburgKontakt: 
Tel. 07141/902067 
Fax. 07141/901034 
E-Mail: Info@LederMilz.deRegistergericht: Amtsgericht Stuttgart, HRA 221613Die Europäische Kommission stellt eine Plattform für die außergerichtliche Online-Streitbeilegung (OS-Plattform) bereit, die unter www.ec.europa.eu/consumers/odr aufrufbar ist. Unsere E-Mail-Adresse finden Sie in unserem Impressum. Wir nehmen am Streitschlichtungsverfahren teil. Eine Liste mit den Kontaktdat...","Business Name:Michael Milz, Inhaber Irene Koser",Leder Milz Inh. Irene KoserLindenstr. 8LudwigsburgBW71634DE,15,0,0,2,15082,12487,Reisenthel,https://www.amazon.de/-/en/Reisenthel/b/ref=bl_dp_s_web_20129692031?ie=UTF8&node=20129692031&field-lbr_brands_browse-bin=Reisenthel,98,124,['Info@LederMilz.deRegistergericht'],[],"['e.K.Lindenstr.', 'LederMilz.deRegistergericht', 'www.ec.europa.eu/consumers/odr', 'Kontaktdat...']",98,124
50,2020-11-15,Garden,Seller 921,Seller 921-link,Seller 921-storefrontlink,1-16 of 91 results,"Impressum:  Angaben gemäß § 5 TMG:  Verantwortliche:  Benjamin Burgess Michael Zschocke    VOXTRADE GmbH  An den Angerwiesen 16 04651 Bad Lausick  USt.IDNr. : DE297548950  Handelsregister: AG Leipzig   HRB 31021   Kontakt:  amazon@voxtrade.de    
Die Europäische Kommission bietet eine Onlineplattform für Streitbeilegung an, die Sie hier finden: https://ec.europa.eu/consumers/odr/

Unter diesem Link finden Sie die Kontaktdaten der offiziellen Streitbeilegungsstellen: https://webgate.ec.europa.eu/odr...",Business Name:VOXTRADE GmbH,An den Angerwiesen16Bad Lausick04651DE,3,0,3,3,208,160,VOXTRADE,https://www.amazon.de/-/en/VOXTRADE/b/ref=bl_dp_s_web_18519864031?ie=UTF8&node=18519864031&field-lbr_brands_browse-bin=VOXTRADE,97,121,['amazon@voxtrade.de'],['2975489'],"['USt.IDNr.', 'voxtrade.de', 'https://ec.europa.eu/consumers/odr/', 'https://webgate.ec.europa.eu/odr...']",97,121
51,2020-11-15,Garden,Seller 171,Seller 171-link,Seller 171-storefrontlink,1-16 of 479 results,"Impressum 
 Gesetzliche Anbieterkennung: 
 Peter Kaientz
 Kontur-Pur Onlineversand
 Neuer Weg 35 A
 63571 Gelnhausen
 Deutschland
 Telefon: 06051-8886633
 Telefax: 06051-8886634
 E-Mail: info@kontur-pur.de
 USt-IdNr.: DE 814186617 
 Alternative Streitbeilegung:
 Die Europäische Kommission stellt eine Plattform für die außergerichtliche Online-Streitbeilegung (OS-Plattform) bereit, aufrufbar unter ec.europa.eu/consumers/odr. 
 Wir sind seit 20.01.2017 Mitglied der Initiative ""FairCommerce"".
Nähere Information...",Business Name:Peter Kaientz,Neuer Weg 35 AGelnhausen63571DE,16,0,0,0,46,43,Kött-Gärtner - Business & Motivation,https://www.amazon.de/-/en/s/ref=bl_dp_s_web_0?ie=UTF8&search-type=ss&index=garden-de&field-keywords=K%C3%B6tt-G%C3%A4rtner+-+Business+%26+Motivation,100,121,['info@kontur-pur.de'],"['051-8886633', '051-8886634', '8141866']","['kontur-pur.de', 'ec.europa.eu/consumers/odr.', '20.01.2017', 'Information...']",100,121
52,2020-11-15,Garden,Seller 797,Seller 797-link,Seller 797-storefrontlink,1-16 of 127 results,"Impressum
 
 Gesetzliche Anbieterkennung:
 
 Varia Volkskunsthandelsgesellschaft mbH & Co Metallkunst KG
 Mitterstraßweg 17
 82064 Straßlach
 Deutschland
 Telefon: 081709982930
 Telefax: 081709982959
 E-Mail: info@varia-living.com
 USt-IdNr.: DE 127913424
 eingetragen im Handelsregister des Amtsgerichtes München
 Handelsregisternummer HRA 55188
 
 vertreten durch die persönlich haftende Gesellschafterin
 Varia GmbH
 diese vertreten durch den Geschäftsführer Bärbel Grünberger
 Mitterstraßweg 17, 82064 Straßlach, D...",Business Name:Varia Volkskunsthandelsgesellschaft mbH&Co Metallk,Mitterstrassweg 17StraßlachBayern82064DE,1,0,3,3,80,33,Visit the Varia Living Store,https://www.amazon.de/-/en/stores/Varia+Living/page/C395037F-91A5-4F8A-BED9-83FAA534B875?ref_=ast_bln,97,118,['info@varia-living.com'],"['0817099829', '0817099829', '1279134']","['varia-living.com', 'D...']",97,118
53,2020-11-15,Garden,Seller 1029,Seller 1029-link,Seller 1029-storefrontlink,1-16 of 112 results,whirlpool-more is committed to providing each customer with the highest standard of customer service.,Business Name:WAM Whirlpool + more GmbH,Am Heesen 7aHamburgHamburg21033DE,14,0,0,0,864,105,SpaBalancer,https://www.amazon.de/-/en/SpaBalancer/b/ref=bl_dp_s_web_19505229031?ie=UTF8&node=19505229031&field-lbr_brands_browse-bin=SpaBalancer,100,117,[],[],[],100,117
54,2020-11-15,Garden,Seller 541,Seller 541-link,Seller 541-storefrontlink,1-16 of 921 results,"Impressum TBcompany Einzelunternehmen Inhaber: Tom Brinkmann-Clasberg Brunnenstr.33 32545 Bad Oeynhausen Deutschland Telefon: 05731/4969091  Mail: TBcompany.de@gmail.com  Umsatzsteuer-Identifikationsnummer: DE306426605  Die Europäische Kommission stellt eine Plattform zur Online-Streitbeilegung (OS) bereit, die Sie hier finden ec.europa.eu/consumers/odr/.Zur Teilnahme an einem Streitbeilegungsverfahren vor einer Verbraucherschlichtungsstelle sind wir nicht verpflichtet und nicht bereit. 
Die Euro...",Business Name:Tom Brinkmann-Clasberg,Brunnenstr.33Bad oeynhausen32545DE,16,0,0,3,1857,1669,Windhager,https://www.amazon.de/-/en/Windhager/b/ref=bl_dp_s_web_1735223031?ie=UTF8&node=1735223031&field-lbr_brands_browse-bin=Windhager,97,117,['TBcompany.de@gmail.com'],"['4969091', '3064266']","['Brunnenstr.33', 'TBcompany.de', 'gmail.com', 'ec.europa.eu/consumers/odr/.Zur', 'Euro...']",97,117
55,2020-11-15,Garden,Seller 15,Seller 15-link,Seller 15-storefrontlink,1-16 of 919 results,"Impressum
 
 Gesetzliche Anbieterkennung:
 
 Oliver Mills
 9:PM
 An der Bundesstrasse 26
 33829 Borgholzhausen
 Deutschland
 Telefon: 015140008562
 E-Mail: webmaster@9pm-store.de
 USt-IdNr.: DE215752000
 
 Wir sind seit 01.08.2015 Mitglied der Initiative ""FairCommerce"".
 Nähere Informationen hierzu finden Sie unter .fair-commerce.de. Alternative Streitbeilegung: 
Die Europäische Kommission bietet eine Onlineplattform für Streitbeilegung an, die Sie hier finden: https://ec.europa.eu/consumers/odr/

Unter diesem L...",Business Name:Oliver Mills,Kaiserstr.12Borgholzhausen33829DE,15,0,0,3,1446,921,Unbekannt,https://www.amazon.de/-/en/Unbekannt/b/ref=bl_dp_s_web_19533614031?ie=UTF8&node=19533614031&field-lbr_brands_browse-bin=Unbekannt,97,116,['webmaster@9pm-store.de'],"['0151400085', '2157520']","['9pm-store.de', '01.08.2015', '.fair-commerce.de.', 'https://ec.europa.eu/consumers/odr/', 'L...']",97,116
56,2020-11-15,Garden,Seller 901,Seller 901-link,Seller 901-storefrontlink,1-16 of 42 results,"SaFa GmbH

Neumann-Reichardt-Str. 27-33, Haus 16

22041 Hamburg

Festnertz: +49 (0)40 18045397

Mobil: +0177 2933448

E-Mail: safa@online.de

Geschäftsführung: Friedrich Pak

Amtsgericht Hamburg, HRB 145961

Steuernummer: 30 291 03538

USt-IDNr.: DE281166958",Business Name:SaFa GmbH,Neumann-Reichardt-Str. 27-33Haus 16Hamburg22041DE,16,0,0,2,110,105,Unbekannt,https://www.amazon.de/-/en/Unbekannt/b/ref=bl_dp_s_web_19533614031?ie=UTF8&node=19533614031&field-lbr_brands_browse-bin=Unbekannt,96,113,['safa@online.de'],"['1804539', '177 2933448', '291 0353', '2811669']",['online.de'],96,113
57,2020-11-15,Garden,Seller 1530,Seller 1530-link,Seller 1530-storefrontlink,1-16 of 46 results,"Andreas Burkart

Siemensstr. 1/1

76689 Karlsdorf-Neuthard



Tel: 07251/3226751

Fax: 07251/3226753

email: service@zederle.de
Die Europäische Kommission bietet eine Onlineplattform für Streitbeilegung an, die Sie hier finden: https://ec.europa.eu/consumers/odr/Unter diesem Link finden Sie die Kontaktdaten der offiziellen Streitbeilegungsstellen: https://webgate.ec.europa.eu/odr/main/index.cfm?event=main.adr.show",Business Name:Andreas Burkart,Siemensstr.1/1Karlsdorf-Neuthard76689DE,5,0,0,3,1915,1168,Rain Bird,https://www.amazon.de/-/en/Rain-Bird/b/ref=bl_dp_s_web_8369035031?ie=UTF8&node=8369035031&field-lbr_brands_browse-bin=Rain+Bird,94,113,['service@zederle.de'],"['3226751', '3226753']","['zederle.de', 'https://ec.europa.eu/consumers/odr/Unter', 'https://webgate.ec.europa.eu/odr/main/index.cfm?event=main.adr.show']",94,113
58,2020-11-15,Garden,Seller 1048,Seller 1048-link,Seller 1048-storefrontlink,"1-16 of over 1,000 results","Impressum
Wohnraum Inhaber: Klaus Marchevka Bergerstr. 35
 60316 Frankfurt am Main
 Deutschland
 
 Telefon: 49 (0) 69 15625967
 
 E-Mail: shop@wohnraum-berger.de Umsatzsteuer-Identifikationsnummer: DE 815519902 Die Europäische Kommission stellt eine Plattform zur Online-Streitbeilegung (OS) bereit, die Sie hier finden /https://ec.europa.eu/consumers/odr/.
 Zur Teilnahme an einem Streitbeilegungsverfahren vor einer Verbraucherschlichtungsstelle sind wir nicht verpflichtet und nicht bereit.
   Allgemeine G...",Business Name:Wohnraum - Schenken und Einrichten,Berger Straße35Frankfurt60316DE,13,0,0,1,7432,5636,Visit the Umbra Store,https://www.amazon.de/-/en/stores/Umbra/page/43991FD4-1C3C-4688-A9A5-2626B1F05564?ref_=ast_bln,98,107,['shop@wohnraum-berger.de'],"['1562596', '8155199']","['wohnraum-berger.de', 'https://ec.europa.eu/consumers/odr/.', 'G...']",98,107
59,2020-11-15,Garden,Seller 831,Seller 831-link,Seller 831-storefrontlink,"1-16 of over 1,000 results","Impressum
 
 Gesetzliche Anbieterkennung:
 
 Emel Demir
 Demir Versandhandel
 Limesstrasse 10
 74080 Heilbronn
 Deutschland
 Telefon: 071312798611
 Telefax: 07131 2798610
 E-Mail: info@fairmarkt24.de
 USt-IdNr.: DE813982165
 
 
 
 
 
 Alternative Streitbeilegung:
 Die Europäische Kommission stellt eine Plattform für die außergerichtliche Online-Streitbeilegung (OS-Plattform) bereit, aufrufbar unter htt://ec.europa.eu/odr.
 
 Wir sind seit 05.12.2015 Mitglied der Initiative ""FairCommerce"".
Nähere Informationen hierzu...",Business Name:Demir Versandhandel,Limesstr. 10Heilbronn74080DE,16,0,0,3,10255,6818,Visit the Wolf Garten Store,https://www.amazon.de/-/en/stores/WOLF-Garten/page/A984B443-D1F4-45EE-817A-44467B9966AF?ref_=ast_bln,97,105,['info@fairmarkt24.de'],"['0713127986', '131 2798610', '8139821']","['fairmarkt24.de', '//ec.europa.eu/odr.', '05.12.2015', 'hierzu...']",97,105
60,2020-11-15,Garden,Seller 276,Seller 276-link,Seller 276-storefrontlink,1-16 of 935 results,"Alle unsere Preise beinhalten die gesetzliche Mehrwertsteuer.Impressum:Fleckenstein GbR
Bernd Uwe Fleckenstein, Sandra Brigitte Fleckenstein GbR
Waldstr. 5
 D-63150 Heusenstamm Rembrücken 
 
 Tel.: 06106-6394996
 Mobil: 0174-2559018
Plattform der EU-Kommission zur außergerichtlichen Online-Streitbeilegung:  //ec.europa.eu/odr Unsere E-Mailadresse lautet: 
info@indianerschmuck.biz
Inhaber: Sandra Fleckenstein 

Gewerbeanmeldung: Register Nr. 2011-272
 Umsatzsteuer-Identifikationsnummer 
gemäß §27A Umsatzsteu...","Business Name:Bernd Uwe Fleckenstein,Sandra Brigitte Fleckenstein GBR",Waldstr. 5HeusenstammHessen63150DE,16,0,0,0,18,16,A.G.S.,https://www.amazon.de/-/en/s/ref=bl_dp_s_web_0?ie=UTF8&search-alias=aps&field-keywords=A.G.S.,99,95,['info@indianerschmuck.biz'],"['106-6394996', '174-2559018']","['Mehrwertsteuer.Impressum', '//ec.europa.eu/odr', 'indianerschmuck.biz', 'Umsatzsteu...']",99,95
61,2020-11-15,Garden,Seller 99,Seller 99-link,Seller 99-storefrontlink,1-16 of 40 results,"Impressum:
KERRI Keramik    
Ute Richter    
Pilgramer Straße 40
D 12623 Berlin
Deutschland    
Telefon: 0049 - (0)30 - 54 70 15 05
E-Mail: kerri-keramik@web.de
Umsatzsteuer-Identifikationsnummer: DE 136885061
Steuernummer: 33 492 64 141

Hinweis:Zur außergerichtlichen Beilegung von verbraucherrechtlichen 
Streitigkeiten hat die Europäische Union eine Online-Plattform 
(“OS-Plattform”) initiiert:
///https://ec.europa.eu/consumers/odr/",Business Name:Kerri-Keramik  Ute Richter,Pilgramer Straße40Berlin12623DE,2,0,0,2,268,94,Kerri-Keramik,https://www.amazon.de/-/en/s/ref=bl_dp_s_web_0?ie=UTF8&search-type=ss&index=garden-de&field-keywords=Kerri-Keramik,96,89,['kerri-keramik@web.de'],['1368850'],"['web.de', 'https://ec.europa.eu/consumers/odr/']",96,89
62,2020-11-15,Garden,Seller 59,Seller 59-link,Seller 59-storefrontlink,1-16 of 510 results,Kaminlicht is committed to providing each customer with the highest standard of customer service.,Business Name:Kaminlicht GmbH,James-Franck-Str.23Berlin12489DE,15,0,0,3,164,106,Kaminlicht,https://www.amazon.de/-/en/s/ref=bl_dp_s_web_0?ie=UTF8&search-type=ss&index=garden-de&field-keywords=Kaminlicht,95,88,[],[],[],95,88
